bread,milk
bread,butter,milk,eggs
bread,eggs
butter,milk,eggs
bread,butter,eggs
bread,milk,eggs
butter,milk
bread,butter,milk
bread,eggs,milk
butter,eggs
bread,butter
bread,milk,coffee
bread,coffee
butter,coffee
milk,coffee
eggs,coffee
bread,butter,milk,coffee
bread,eggs,coffee
butter,eggs,coffee
milk,eggs,coffee
bread,milk,eggs,coffee
bread,butter,eggs,coffee
bread,butter,milk,eggs,coffee
bread,cheese
milk,cheese
butter,cheese
eggs,cheese
bread,milk,cheese
bread,butter,cheese
butter,milk,cheese
bread,eggs,cheese
milk,eggs,cheese
bread,cheese,coffee
milk,cheese,coffee
eggs,cheese,coffee
bread,milk,cheese,coffee
bread,eggs,cheese,coffee
milk,eggs,cheese,coffee
bread,milk,eggs,cheese
bread,butter,milk,eggs,cheese,coffee
bread,ham
milk,ham
butter,ham
eggs,ham
bread,milk,ham
bread,butter,ham
butter,milk,ham
bread,eggs,ham
milk,eggs,ham
bread,ham,coffee
milk,ham,coffee
butter,ham,coffee
bread,cheese,ham
milk,cheese,ham
butter,cheese,ham
eggs,cheese,ham
bread,milk,eggs,ham
bread,butter,milk,ham,coffee
bread,cheese,ham,coffee
milk,cheese,ham,coffee
bread,milk,cheese,ham
bread,cheese,eggs,ham
bread,butter,cheese,ham
butter,milk,eggs,ham
bread,milk,butter,cheese,eggs,ham,coffee
bread,apples
milk,apples
butter,apples
eggs,apples
bread,milk,apples
bread,butter,apples
butter,milk,apples
bread,eggs,apples
bread,apples,coffee
milk,apples,coffee
bread,milk,apples,coffee
bread,cheese,apples
milk,cheese,apples
butter,cheese,apples
eggs,cheese,apples
bread,milk,cheese,apples
bread,butter,cheese,apples
bread,eggs,cheese,apples
butter,milk,eggs,apples
bread,milk,butter,cheese,eggs,ham,apples
